Nama,Harga,Alamat
Kemeja Majesty l Pakaian Muslim l Fashion Pria l Baju Koko VC,198800,Tangerang
BAJU MUSLIM PRIA BAJU KOKO KEMEJA KOKO SLIM FIT FASHION PRIA BATIK PRIA,249000,Tangerang
Kimono Seksi Sexy Nightdress Bathrobe Piyama Lingerie Baju Tidur VC,119800,Tangerang
Baju Muslim Fashion Pria Baju Koko,198800,Tangerang
Setelan Daster Celana Batik Piyama Baju Rumah Tidur GP11,79000,Tangerang
Tj 46478 Baju tunik wanita muslim murah terlaris,110000,Tangerang
Baju Tidur Piyama Pajamas Satin silky velvet Cewek Wanita Dewasa PP VC,98500,Tangerang
Gamis  Baju  Setelan Wanita Muslim Narcissus Syari  asli bordir,287000,Tangerang
KEMEJA COUPLE KEMEJA PASANGAN BAJU COUPLE KOREA LOVE LATIN GROSIR,130800,Tangerang
SATINDST - Satin Silky Velvet Vibelle shop grosir baju tidur piyama VC,88500,Tangerang
Pakaian Anak Set Baju Tidur bayi Unisex piyama bayi 6-18 Bulan v16,96300,Tangerang
KAOS T-SHIRT RUNNING BAJU OLAHRAGA ADIDAS NIKE DRIFIT ALLSIZE VCNR,85000,Tangerang
Kemeja Majesty l Pakaian Muslim l Fashion Pria l Baju Koko VC,198800,Tangerang
BAJU MUSLIM PRIA BAJU KOKO KEMEJA KOKO SLIM FIT FASHION PRIA BATIK PRIA,249000,Tangerang
Kimono Seksi Sexy Nightdress Bathrobe Piyama Lingerie Baju Tidur VC,119800,Tangerang
Baju Muslim Fashion Pria Baju Koko,198800,Tangerang
Setelan Daster Celana Batik Piyama Baju Rumah Tidur GP11,79000,Tangerang
Tj 46478 Baju tunik wanita muslim murah terlaris,110000,Tangerang
Baju Tidur Piyama Pajamas Satin silky velvet Cewek Wanita Dewasa PP VC,98500,Tangerang
Gamis  Baju  Setelan Wanita Muslim Narcissus Syari  asli bordir,287000,Tangerang
KEMEJA COUPLE KEMEJA PASANGAN BAJU COUPLE KOREA LOVE LATIN GROSIR,130800,Tangerang
SATINDST - Satin Silky Velvet Vibelle shop grosir baju tidur piyama VC,88500,Tangerang
Pakaian Anak Set Baju Tidur bayi Unisex piyama bayi 6-18 Bulan v16,96300,Tangerang
KAOS T-SHIRT RUNNING BAJU OLAHRAGA ADIDAS NIKE DRIFIT ALLSIZE VCNR,85000,Tangerang
Kemeja Majesty l Pakaian Muslim l Fashion Pria l Baju Koko VC,198800,Tangerang
BAJU MUSLIM PRIA BAJU KOKO KEMEJA KOKO SLIM FIT FASHION PRIA BATIK PRIA,249000,Tangerang
Kimono Seksi Sexy Nightdress Bathrobe Piyama Lingerie Baju Tidur VC,119800,Tangerang
Baju Muslim Fashion Pria Baju Koko,198800,Tangerang
Setelan Daster Celana Batik Piyama Baju Rumah Tidur GP11,79000,Tangerang
Tj 46478 Baju tunik wanita muslim murah terlaris,110000,Tangerang
Baju Tidur Piyama Pajamas Satin silky velvet Cewek Wanita Dewasa PP VC,98500,Tangerang
Gamis  Baju  Setelan Wanita Muslim Narcissus Syari  asli bordir,287000,Tangerang
KEMEJA COUPLE KEMEJA PASANGAN BAJU COUPLE KOREA LOVE LATIN GROSIR,130800,Tangerang
SATINDST - Satin Silky Velvet Vibelle shop grosir baju tidur piyama VC,88500,Tangerang
Pakaian Anak Set Baju Tidur bayi Unisex piyama bayi 6-18 Bulan v16,96300,Tangerang
KAOS T-SHIRT RUNNING BAJU OLAHRAGA ADIDAS NIKE DRIFIT ALLSIZE VCNR,85000,Tangerang
Kemeja Majesty l Pakaian Muslim l Fashion Pria l Baju Koko VC,198800,Tangerang
BAJU MUSLIM PRIA BAJU KOKO KEMEJA KOKO SLIM FIT FASHION PRIA BATIK PRIA,249000,Tangerang
Kimono Seksi Sexy Nightdress Bathrobe Piyama Lingerie Baju Tidur VC,119800,Tangerang
Baju Muslim Fashion Pria Baju Koko,198800,Tangerang
Setelan Daster Celana Batik Piyama Baju Rumah Tidur GP11,79000,Tangerang
Tj 46478 Baju tunik wanita muslim murah terlaris,110000,Tangerang
Baju Tidur Piyama Pajamas Satin silky velvet Cewek Wanita Dewasa PP VC,98500,Tangerang
Gamis  Baju  Setelan Wanita Muslim Narcissus Syari  asli bordir,287000,Tangerang
KEMEJA COUPLE KEMEJA PASANGAN BAJU COUPLE KOREA LOVE LATIN GROSIR,130800,Tangerang
SATINDST - Satin Silky Velvet Vibelle shop grosir baju tidur piyama VC,88500,Tangerang
Pakaian Anak Set Baju Tidur bayi Unisex piyama bayi 6-18 Bulan v16,96300,Tangerang
KAOS T-SHIRT RUNNING BAJU OLAHRAGA ADIDAS NIKE DRIFIT ALLSIZE VCNR,85000,Tangerang
Kemeja Majesty l Pakaian Muslim l Fashion Pria l Baju Koko VC,198800,Tangerang
BAJU MUSLIM PRIA BAJU KOKO KEMEJA KOKO SLIM FIT FASHION PRIA BATIK PRIA,249000,Tangerang
Kimono Seksi Sexy Nightdress Bathrobe Piyama Lingerie Baju Tidur VC,119800,Tangerang
Baju Muslim Fashion Pria Baju Koko,198800,Tangerang
Setelan Daster Celana Batik Piyama Baju Rumah Tidur GP11,79000,Tangerang
Tj 46478 Baju tunik wanita muslim murah terlaris,110000,Tangerang
Baju Tidur Piyama Pajamas Satin silky velvet Cewek Wanita Dewasa PP VC,98500,Tangerang
Gamis  Baju  Setelan Wanita Muslim Narcissus Syari  asli bordir,287000,Tangerang
KEMEJA COUPLE KEMEJA PASANGAN BAJU COUPLE KOREA LOVE LATIN GROSIR,130800,Tangerang
SATINDST - Satin Silky Velvet Vibelle shop grosir baju tidur piyama VC,88500,Tangerang
Pakaian Anak Set Baju Tidur bayi Unisex piyama bayi 6-18 Bulan v16,96300,Tangerang
KAOS T-SHIRT RUNNING BAJU OLAHRAGA ADIDAS NIKE DRIFIT ALLSIZE VCNR,85000,Tangerang
Kemeja Majesty l Pakaian Muslim l Fashion Pria l Baju Koko VC,198800,Tangerang
BAJU MUSLIM PRIA BAJU KOKO KEMEJA KOKO SLIM FIT FASHION PRIA BATIK PRIA,249000,Tangerang
Kimono Seksi Sexy Nightdress Bathrobe Piyama Lingerie Baju Tidur VC,119800,Tangerang
Baju Muslim Fashion Pria Baju Koko,198800,Tangerang
Setelan Daster Celana Batik Piyama Baju Rumah Tidur GP11,79000,Tangerang
Tj 46478 Baju tunik wanita muslim murah terlaris,110000,Tangerang
Baju Tidur Piyama Pajamas Satin silky velvet Cewek Wanita Dewasa PP VC,98500,Tangerang
Gamis  Baju  Setelan Wanita Muslim Narcissus Syari  asli bordir,287000,Tangerang
KEMEJA COUPLE KEMEJA PASANGAN BAJU COUPLE KOREA LOVE LATIN GROSIR,130800,Tangerang
SATINDST - Satin Silky Velvet Vibelle shop grosir baju tidur piyama VC,88500,Tangerang
Pakaian Anak Set Baju Tidur bayi Unisex piyama bayi 6-18 Bulan v16,96300,Tangerang
KAOS T-SHIRT RUNNING BAJU OLAHRAGA ADIDAS NIKE DRIFIT ALLSIZE VCNR,85000,Tangerang
Kemeja Majesty l Pakaian Muslim l Fashion Pria l Baju Koko VC,198800,Tangerang
BAJU MUSLIM PRIA BAJU KOKO KEMEJA KOKO SLIM FIT FASHION PRIA BATIK PRIA,249000,Tangerang
Kimono Seksi Sexy Nightdress Bathrobe Piyama Lingerie Baju Tidur VC,119800,Tangerang
Baju Muslim Fashion Pria Baju Koko,198800,Tangerang
Setelan Daster Celana Batik Piyama Baju Rumah Tidur GP11,79000,Tangerang
Tj 46478 Baju tunik wanita muslim murah terlaris,110000,Tangerang
Baju Tidur Piyama Pajamas Satin silky velvet Cewek Wanita Dewasa PP VC,98500,Tangerang
Gamis  Baju  Setelan Wanita Muslim Narcissus Syari  asli bordir,287000,Tangerang
KEMEJA COUPLE KEMEJA PASANGAN BAJU COUPLE KOREA LOVE LATIN GROSIR,130800,Tangerang
SATINDST - Satin Silky Velvet Vibelle shop grosir baju tidur piyama VC,88500,Tangerang
Pakaian Anak Set Baju Tidur bayi Unisex piyama bayi 6-18 Bulan v16,96300,Tangerang
KAOS T-SHIRT RUNNING BAJU OLAHRAGA ADIDAS NIKE DRIFIT ALLSIZE VCNR,85000,Tangerang
Kemeja Majesty l Pakaian Muslim l Fashion Pria l Baju Koko VC,198800,Tangerang
BAJU MUSLIM PRIA BAJU KOKO KEMEJA KOKO SLIM FIT FASHION PRIA BATIK PRIA,249000,Tangerang
Kimono Seksi Sexy Nightdress Bathrobe Piyama Lingerie Baju Tidur VC,119800,Tangerang
Baju Muslim Fashion Pria Baju Koko,198800,Tangerang
Setelan Daster Celana Batik Piyama Baju Rumah Tidur GP11,79000,Tangerang
Tj 46478 Baju tunik wanita muslim murah terlaris,110000,Tangerang
Baju Tidur Piyama Pajamas Satin silky velvet Cewek Wanita Dewasa PP VC,98500,Tangerang
Gamis  Baju  Setelan Wanita Muslim Narcissus Syari  asli bordir,287000,Tangerang
KEMEJA COUPLE KEMEJA PASANGAN BAJU COUPLE KOREA LOVE LATIN GROSIR,130800,Tangerang
SATINDST - Satin Silky Velvet Vibelle shop grosir baju tidur piyama VC,88500,Tangerang
Pakaian Anak Set Baju Tidur bayi Unisex piyama bayi 6-18 Bulan v16,96300,Tangerang
KAOS T-SHIRT RUNNING BAJU OLAHRAGA ADIDAS NIKE DRIFIT ALLSIZE VCNR,85000,Tangerang
Kemeja Majesty l Pakaian Muslim l Fashion Pria l Baju Koko VC,198800,Tangerang
BAJU MUSLIM PRIA BAJU KOKO KEMEJA KOKO SLIM FIT FASHION PRIA BATIK PRIA,249000,Tangerang
Kimono Seksi Sexy Nightdress Bathrobe Piyama Lingerie Baju Tidur VC,119800,Tangerang
Baju Muslim Fashion Pria Baju Koko,198800,Tangerang
Setelan Daster Celana Batik Piyama Baju Rumah Tidur GP11,79000,Tangerang
Tj 46478 Baju tunik wanita muslim murah terlaris,110000,Tangerang
Baju Tidur Piyama Pajamas Satin silky velvet Cewek Wanita Dewasa PP VC,98500,Tangerang
Gamis  Baju  Setelan Wanita Muslim Narcissus Syari  asli bordir,287000,Tangerang
KEMEJA COUPLE KEMEJA PASANGAN BAJU COUPLE KOREA LOVE LATIN GROSIR,130800,Tangerang
SATINDST - Satin Silky Velvet Vibelle shop grosir baju tidur piyama VC,88500,Tangerang
Pakaian Anak Set Baju Tidur bayi Unisex piyama bayi 6-18 Bulan v16,96300,Tangerang
KAOS T-SHIRT RUNNING BAJU OLAHRAGA ADIDAS NIKE DRIFIT ALLSIZE VCNR,85000,Tangerang
Kemeja Majesty l Pakaian Muslim l Fashion Pria l Baju Koko VC,198800,Tangerang
BAJU MUSLIM PRIA BAJU KOKO KEMEJA KOKO SLIM FIT FASHION PRIA BATIK PRIA,249000,Tangerang
Kimono Seksi Sexy Nightdress Bathrobe Piyama Lingerie Baju Tidur VC,119800,Tangerang
Baju Muslim Fashion Pria Baju Koko,198800,Tangerang
Setelan Daster Celana Batik Piyama Baju Rumah Tidur GP11,79000,Tangerang
Tj 46478 Baju tunik wanita muslim murah terlaris,110000,Tangerang
Baju Tidur Piyama Pajamas Satin silky velvet Cewek Wanita Dewasa PP VC,98500,Tangerang
Gamis  Baju  Setelan Wanita Muslim Narcissus Syari  asli bordir,287000,Tangerang
KEMEJA COUPLE KEMEJA PASANGAN BAJU COUPLE KOREA LOVE LATIN GROSIR,130800,Tangerang
SATINDST - Satin Silky Velvet Vibelle shop grosir baju tidur piyama VC,88500,Tangerang
Pakaian Anak Set Baju Tidur bayi Unisex piyama bayi 6-18 Bulan v16,96300,Tangerang
KAOS T-SHIRT RUNNING BAJU OLAHRAGA ADIDAS NIKE DRIFIT ALLSIZE VCNR,85000,Tangerang
